City_ID,City,Country,Date,Lat,Lng,Max Temp,Humidity,Cloudiness,Wind Speed
0,Jamestown,US,2021-12-18 00:13:47,42.097,-79.2353,36.72,83,1,1.99
1,Gore,NZ,2021-12-18 00:13:47,-46.1028,168.9436,56.23,45,61,12.37
2,Vaini,TO,2021-12-18 00:13:48,-21.2,-175.2,86.16,74,20,11.5
3,Fairbanks,US,2021-12-18 00:12:31,64.8378,-147.7164,10.36,83,90,0.0
4,Port Elizabeth,ZA,2021-12-18 00:13:48,-33.918,25.5701,61.11,74,14,19.04
5,Varhaug,NO,2021-12-18 00:13:48,58.6147,5.6457,47.75,96,100,15.26
6,Broome,US,2021-12-18 00:09:49,42.2506,-75.833,42.66,59,1,1.01
7,Thompson,CA,2021-12-18 00:13:49,55.7435,-97.8558,-9.69,96,100,3.94
8,Rikitea,PF,2021-12-18 00:13:49,-23.1203,-134.9692,75.9,76,99,15.77
9,Mar Del Plata,AR,2021-12-18 00:09:11,-38.0023,-57.5575,73.09,87,73,7.0
10,Dikson,RU,2021-12-18 00:10:10,73.5069,80.5464,-21.01,99,100,8.57
11,Kidal,ML,2021-12-18 00:13:50,18.4411,1.4078,67.91,19,13,12.8
12,Cape Town,ZA,2021-12-18 00:12:30,-33.9258,18.4232,65.88,66,0,1.99
13,Ushuaia,AR,2021-12-18 00:13:50,-54.8,-68.3,54.0,79,89,1.79
14,Severo-Kurilsk,RU,2021-12-18 00:08:58,50.6789,156.125,28.83,90,100,33.29
15,Sioux Lookout,CA,2021-12-18 00:13:51,50.1001,-91.917,-0.38,98,100,1.14
16,Yulara,AU,2021-12-18 00:13:51,-25.2406,130.9889,102.04,16,53,6.91
17,Rhyl,GB,2021-12-18 00:13:51,53.3196,-3.4886,45.0,96,14,11.18
18,Punta Cardon,VE,2021-12-18 00:13:52,11.6581,-70.215,78.66,76,35,23.78
19,Bilibino,RU,2021-12-18 00:13:52,68.0546,166.4372,-32.67,100,99,1.39
20,Mwinilunga,ZM,2021-12-18 00:13:53,-11.7358,24.4293,58.71,94,88,2.01
21,Lebu,CL,2021-12-18 00:13:53,-37.6167,-73.65,57.06,85,0,7.29
22,San Quintin,MX,2021-12-18 00:13:54,30.4833,-115.95,60.85,60,99,5.86
23,Chuy,UY,2021-12-18 00:13:54,-33.6971,-53.4616,62.96,77,4,9.01
24,Lipari,IT,2021-12-18 00:13:54,38.4674,14.954,58.78,63,30,16.84
25,Nishihara,JP,2021-12-18 00:13:55,26.1842,127.7558,60.85,51,75,12.66
26,Kavaratti,IN,2021-12-18 00:13:55,10.5669,72.642,82.11,71,32,11.48
27,Mahebourg,MU,2021-12-18 00:13:56,-20.4081,57.7,75.25,76,11,5.5
28,Acarau,BR,2021-12-18 00:13:56,-2.8856,-40.12,80.73,81,6,18.1
29,Arraial Do Cabo,BR,2021-12-18 00:13:57,-22.9661,-42.0278,75.51,92,56,5.79
30,Kapaa,US,2021-12-18 00:13:57,22.0752,-159.319,80.58,77,75,1.99
31,Avarua,CK,2021-12-18 00:13:57,-21.2078,-159.775,84.25,70,38,10.36
32,Portland,US,2021-12-18 00:13:32,45.5234,-122.6762,46.45,88,75,1.01
33,Chiang Khong,TH,2021-12-18 00:09:16,20.2613,100.4046,56.93,92,16,2.04
34,Hobart,AU,2021-12-18 00:13:58,-42.8794,147.3294,93.02,33,0,1.99
35,Pisco,PE,2021-12-18 00:13:59,-13.7,-76.2167,69.03,83,0,16.11
36,Port Lincoln,AU,2021-12-18 00:13:59,-34.7333,135.8667,70.12,53,4,0.6
37,Shatoy,RU,2021-12-18 00:13:59,42.8714,45.6886,38.23,85,98,0.83
38,Bengkulu,ID,2021-12-18 00:14:00,-3.8004,102.2655,75.43,91,88,7.94
39,Hilo,US,2021-12-18 00:14:00,19.7297,-155.09,79.29,57,40,11.5
40,Porto Walter,BR,2021-12-18 00:14:01,-8.2686,-72.7439,74.37,97,100,2.08
41,Kodiak,US,2021-12-18 00:14:01,57.79,-152.4072,24.31,74,1,4.61
42,Punta Arenas,CL,2021-12-18 00:12:36,-53.15,-70.9167,55.11,66,53,4.43
43,Barrow,US,2021-12-18 00:13:07,71.2906,-156.7887,-9.38,70,90,21.85
44,Bambous Virieux,MU,2021-12-18 00:14:02,-20.3428,57.7575,75.22,76,12,5.59
45,Los Llanos De Aridane,ES,2021-12-18 00:14:02,28.6585,-17.9182,56.95,79,0,5.99
46,Beringovskiy,RU,2021-12-18 00:12:19,63.05,179.3167,-2.02,90,100,14.07
47,Cidreira,BR,2021-12-18 00:15:03,-30.1811,-50.2056,70.29,83,64,15.61
48,College,US,2021-12-18 00:15:03,64.8569,-147.8028,9.59,84,90,0.0
49,Puerto Ayora,EC,2021-12-18 00:10:42,-0.7393,-90.3518,69.55,94,88,3.0
50,Hithadhoo,MV,2021-12-18 00:15:04,-0.6,73.0833,82.0,73,94,4.65
51,Safranbolu,TR,2021-12-18 00:15:04,41.2508,32.6942,36.73,99,100,2.59
52,Batamshinskiy,KZ,2021-12-18 00:15:05,50.5594,58.2747,26.13,95,100,2.04
53,Gamba,GA,2021-12-18 00:15:05,-2.65,10.0,75.38,94,99,6.26
54,Gayny,RU,2021-12-18 00:15:06,60.3071,54.3241,22.21,97,100,2.82
55,Tezu,IN,2021-12-18 00:15:06,27.9167,96.1667,56.86,33,84,4.16
56,Hualmay,PE,2021-12-18 00:15:07,-11.0964,-77.6139,68.27,83,37,11.1
57,Kirchbichl,AT,2021-12-18 00:15:07,47.5094,12.1042,33.66,94,31,3.49
58,Coos Bay,US,2021-12-18 00:15:08,43.3665,-124.2179,49.01,93,75,4.61
59,Margate,GB,2021-12-18 00:15:08,51.3813,1.3862,46.96,89,91,3.0
60,Ribeira Grande,PT,2021-12-18 00:15:08,38.5167,-28.7,60.19,53,100,11.23
61,Tuktoyaktuk,CA,2021-12-18 00:15:09,69.4541,-133.0374,-13.0,77,75,8.05
62,Boyolangu,ID,2021-12-18 00:15:09,-8.1181,111.8935,79.61,86,100,1.12
63,Victoria,HK,2021-12-18 00:12:10,22.2855,114.1577,63.25,64,99,1.99
64,Torbay,CA,2021-12-18 00:15:10,47.6666,-52.7314,35.58,96,90,43.73
65,Kupang,ID,2021-12-18 00:15:10,-10.1667,123.5833,82.98,89,75,0.0
66,Tasiilaq,GL,2021-12-18 00:15:11,65.6145,-37.6368,26.76,80,24,6.22
67,Evensk,RU,2021-12-18 00:15:11,61.95,159.2333,-8.97,79,100,5.86
68,Dong Hoi,VN,2021-12-18 00:15:11,17.4833,106.6,70.38,85,100,17.83
69,Kruisfontein,ZA,2021-12-18 00:15:12,-34.0033,24.7314,58.89,73,1,12.57
70,Luderitz,NA,2021-12-18 00:15:12,-26.6481,15.1594,61.34,89,45,13.0
71,Albany,US,2021-12-18 00:13:41,42.6001,-73.9662,42.8,57,86,10.69
72,Lorengau,PG,2021-12-18 00:11:44,-2.0226,147.2712,81.32,84,95,9.66
73,Kununurra,AU,2021-12-18 00:15:13,-15.7667,128.7333,85.98,70,40,3.44
74,Mataura,NZ,2021-12-18 00:15:13,-46.1927,168.8643,58.48,45,61,11.79
75,Akureyri,IS,2021-12-18 00:15:14,65.6835,-18.0878,37.33,93,90,1.14
76,Bathsheba,BB,2021-12-18 00:15:14,13.2167,-59.5167,79.41,73,20,24.16
77,Qaanaaq,GL,2021-12-18 00:15:15,77.484,-69.3632,-10.23,95,100,5.7
78,Georgetown,MY,2021-12-18 00:10:45,5.4112,100.3354,77.9,95,40,5.75
79,Talnakh,RU,2021-12-18 00:15:16,69.4865,88.3972,-34.56,95,33,3.6
80,Busselton,AU,2021-12-18 00:13:03,-33.65,115.3333,65.08,72,98,20.96
81,Butaritari,KI,2021-12-18 00:15:16,3.0707,172.7902,82.38,78,17,19.08
82,Verguleasa,RO,2021-12-18 00:15:16,44.65,24.3167,34.56,74,72,5.26
83,Saint-Philippe,RE,2021-12-18 00:15:17,-21.3585,55.7679,72.99,75,13,4.38
84,Norman Wells,CA,2021-12-18 00:15:18,65.282,-126.8329,-16.56,69,90,10.36
85,Rundu,NA,2021-12-18 00:15:18,-17.9333,19.7667,70.99,63,100,4.7
86,Merauke,ID,2021-12-18 00:15:19,-8.4667,140.3333,76.08,95,100,7.63
87,Bluff,NZ,2021-12-18 00:15:19,-46.6,168.3333,58.8,64,83,24.29
88,Mehamn,NO,2021-12-18 00:15:20,71.0357,27.8492,30.27,91,100,16.42
89,Akot,IN,2021-12-18 00:15:20,21.0964,77.0586,61.84,71,5,3.78
90,Leningradskiy,RU,2021-12-18 00:15:21,69.3833,178.4167,-15.54,99,100,0.74
91,Chaman,PK,2021-12-18 00:16:21,30.9236,66.4512,35.4,13,0,2.24
92,Cabo San Lucas,MX,2021-12-18 00:12:32,22.8909,-109.9124,76.51,76,90,3.44
93,Codrington,AU,2021-12-18 00:16:21,-38.2667,141.9667,70.77,54,22,16.11
94,Hami,CN,2021-12-18 00:16:22,42.8,93.45,22.41,57,26,4.18
95,Flinders,AU,2021-12-18 00:16:22,-34.5833,150.8552,85.05,72,94,9.62
96,Buraydah,SA,2021-12-18 00:16:22,26.326,43.975,64.85,32,100,10.42
97,Atuona,PF,2021-12-18 00:16:23,-9.8,-139.0333,78.35,72,7,10.45
98,Panorama,GR,2021-12-18 00:16:23,40.5878,23.0315,41.9,59,40,5.99
99,Kemi,FI,2021-12-18 00:16:24,65.8596,24.8228,28.17,93,90,3.44
100,New Norfolk,AU,2021-12-18 00:16:24,-42.7826,147.0587,92.66,22,99,8.99
101,Namatanai,PG,2021-12-18 00:16:25,-3.6667,152.4333,83.5,75,78,5.61
102,Otradnoye,RU,2021-12-18 00:16:25,59.7775,30.8181,30.25,99,94,2.8
103,Tiksi,RU,2021-12-18 00:16:25,71.6872,128.8694,-23.67,100,100,2.46
104,Flin Flon,CA,2021-12-18 00:15:14,54.7682,-101.865,-9.56,77,75,4.61
105,Port Alfred,ZA,2021-12-18 00:16:26,-33.5906,26.891,60.78,79,79,21.36
106,Rajpura,IN,2021-12-18 00:16:26,30.4831,76.595,45.5,46,2,8.57
107,Nyurba,RU,2021-12-18 00:16:27,63.2842,118.3319,-45.36,99,90,1.54
108,Bandarbeyla,SO,2021-12-18 00:16:27,9.4942,50.8122,76.42,75,65,16.84
109,Khatanga,RU,2021-12-18 00:16:28,71.9667,102.5,-40.16,100,90,4.83
110,Fort Smith,US,2021-12-18 00:16:28,35.3859,-94.3986,63.19,95,90,4.0
111,Sola,VU,2021-12-18 00:16:29,-13.8833,167.55,81.41,69,96,12.39
112,Namibe,AO,2021-12-18 00:16:29,-15.1961,12.1522,66.22,78,7,7.81
113,Kachug,RU,2021-12-18 00:16:29,53.9606,105.8817,3.81,95,100,2.1
114,Port Blair,IN,2021-12-18 00:16:30,11.6667,92.75,75.31,78,24,9.35
115,Sao Raimundo Das Mangabeiras,BR,2021-12-18 00:16:30,-7.0219,-45.4811,77.31,81,84,3.94
116,Souillac,MU,2021-12-18 00:16:31,-20.5167,57.5167,75.58,88,75,3.44
117,Esperance,AU,2021-12-18 00:16:31,-33.8667,121.9,65.98,50,63,18.86
118,Vestmannaeyjar,IS,2021-12-18 00:16:32,63.4427,-20.2734,47.89,91,100,16.64
119,Carnarvon,AU,2021-12-18 00:16:32,-24.8667,113.6333,73.47,60,1,19.57
120,Saskylakh,RU,2021-12-18 00:12:14,71.9167,114.0833,-33.93,100,80,5.88
121,Srednekolymsk,RU,2021-12-18 00:16:32,67.45,153.6833,-20.31,97,100,7.63
122,Tilichiki,RU,2021-12-18 00:16:33,60.4667,166.1,-4.31,95,100,6.69
123,Porto Novo,BJ,2021-12-18 00:16:33,6.4965,2.6036,80.42,79,56,3.91
124,Yellowknife,CA,2021-12-18 00:14:02,62.456,-114.3525,-22.72,100,83,9.57
125,Dombarovskiy,RU,2021-12-18 00:16:34,50.7587,59.5386,28.29,94,100,3.09
126,Aldama,MX,2021-12-18 00:16:34,22.9167,-98.0667,79.0,83,70,8.77
127,Chokurdakh,RU,2021-12-18 00:13:42,70.6333,147.9167,-35.45,100,100,6.08
128,Sakakah,SA,2021-12-18 00:16:35,29.9697,40.2064,47.77,46,39,5.97
129,Tabas,IR,2021-12-18 00:16:35,33.5959,56.9244,49.95,16,84,4.54
130,Ishigaki,JP,2021-12-18 00:16:36,24.3448,124.1572,62.73,59,75,13.8
131,Abong Mbang,CM,2021-12-18 00:16:36,3.9833,13.1833,66.78,51,97,2.57
132,Prado,BR,2021-12-18 00:16:37,-17.3411,-39.2208,77.36,85,70,11.56
133,Saldanha,ZA,2021-12-18 00:16:37,-33.0117,17.9442,65.79,52,9,12.08
134,Half Moon Bay,US,2021-12-18 00:15:15,37.4636,-122.4286,57.02,70,1,13.8
135,Angoche,MZ,2021-12-18 00:17:37,-16.2325,39.9086,77.74,76,99,3.89
136,Maragogi,BR,2021-12-18 00:17:38,-9.0122,-35.2225,78.04,82,14,9.06
137,Airai,TL,2021-12-18 00:17:38,-8.9266,125.4092,72.05,57,98,1.21
138,Abasha,GE,2021-12-18 00:17:39,42.2096,42.2211,41.22,82,100,1.95
139,Broken Hill,AU,2021-12-18 00:17:39,-31.95,141.4333,99.37,16,95,15.26
140,Isiolo,KE,2021-12-18 00:17:40,0.3546,37.5822,66.43,74,100,1.59
141,Belmonte,BR,2021-12-18 00:17:40,-15.8631,-38.8828,79.3,85,58,8.75
142,Lieto,FI,2021-12-18 00:17:41,60.5103,22.4618,36.97,97,90,5.75
143,Christchurch,NZ,2021-12-18 00:15:14,-43.5333,172.6333,70.32,40,1,3.44
144,Tucupita,VE,2021-12-18 00:17:41,9.0622,-62.051,72.72,97,95,3.47
145,Bonanza,NI,2021-12-18 00:17:41,14.0289,-84.591,70.47,99,99,1.5
146,Port Moresby,PG,2021-12-18 00:14:06,-9.4431,147.1797,76.42,100,90,5.75
147,Rehburg-Loccum,DE,2021-12-18 00:17:42,52.4667,9.2,47.1,97,100,8.05
148,Provideniya,RU,2021-12-18 00:17:42,64.3833,-173.3,10.99,92,100,15.55
149,Dalby,AU,2021-12-18 00:17:43,-27.1833,151.2667,79.79,51,3,6.91
150,Guilin,CN,2021-12-18 00:17:43,25.2819,110.2864,48.31,37,46,8.41
151,Nikolskoye,RU,2021-12-18 00:17:44,59.7035,30.7861,30.09,99,94,2.89
152,Umm Kaddadah,SD,2021-12-18 00:17:44,13.6017,26.6876,60.85,30,65,14.83
153,Taoudenni,ML,2021-12-18 00:17:44,22.6783,-3.9836,79.12,20,100,4.61
154,Antalaha,MG,2021-12-18 00:17:45,-14.9003,50.2788,73.62,90,54,4.16
155,Namuac,PH,2021-12-18 00:17:45,18.6109,121.1657,73.38,89,100,25.57
156,Ust-Tsilma,RU,2021-12-18 00:17:46,65.441,52.1498,-3.75,100,85,3.6
157,Pevek,RU,2021-12-18 00:17:46,69.7008,170.3133,-8.48,96,100,3.8
158,Klaksvik,FO,2021-12-18 00:17:46,62.2266,-6.589,47.32,82,79,15.41
159,Hasaki,JP,2021-12-18 00:17:47,35.7333,140.8333,39.6,39,42,31.43
160,Qasigiannguit,GL,2021-12-18 00:17:47,68.8193,-51.1922,17.85,77,100,4.23
161,Cururupu,BR,2021-12-18 00:17:48,-1.8283,-44.8683,77.29,84,79,3.65
162,Ironton,US,2021-12-18 00:17:48,38.5368,-82.6829,47.03,94,90,3.44
163,Bikin,RU,2021-12-18 00:17:49,46.8161,134.26,-12.53,96,92,2.64
164,Upernavik,GL,2021-12-18 00:17:49,72.7868,-56.1549,9.45,61,100,8.03
165,Sitka,US,2021-12-18 00:17:49,57.0531,-135.33,37.29,60,90,10.36
166,Haines Junction,CA,2021-12-18 00:17:50,60.7522,-137.5108,-5.85,77,100,1.14
167,Castro,BR,2021-12-18 00:17:50,-24.7911,-50.0119,65.48,96,71,10.92
168,Qarqin,AF,2021-12-18 00:17:51,37.4185,66.0436,47.43,18,96,21.16
169,Eshowe,ZA,2021-12-18 00:17:51,-28.8865,31.4699,54.79,91,100,5.17
170,Roma,US,2021-12-18 00:17:51,43.2128,-75.4557,37.83,77,1,3.44
171,Chimbote,PE,2021-12-18 00:14:55,-9.0853,-78.5783,67.55,85,13,9.44
172,Bubaque,GW,2021-12-18 00:17:52,11.2833,-15.8333,80.91,72,54,14.29
173,Yarada,IN,2021-12-18 00:17:52,17.65,83.2667,61.12,94,66,2.3
174,Agustin Codazzi,CO,2021-12-18 00:17:53,10.0341,-73.2361,82.71,56,100,3.24
175,Majene,ID,2021-12-18 00:17:53,-3.5403,118.9707,82.13,82,93,3.83
176,Bonavista,CA,2021-12-18 00:17:54,48.6499,-53.1147,36.12,94,100,38.21
177,Wuwei,CN,2021-12-18 00:18:54,37.9281,102.6414,20.14,47,56,3.8
178,Kayerkan,RU,2021-12-18 00:18:55,69.3497,87.7602,-34.62,94,30,2.91
179,Clyde River,CA,2021-12-18 00:18:55,70.4692,-68.5914,-12.73,97,100,8.59
180,Sharlyk,RU,2021-12-18 00:18:56,52.9167,54.75,29.98,98,100,3.85
181,Vostok,RU,2021-12-18 00:18:56,46.4856,135.8833,-16.53,95,100,3.98
182,Kaitangata,NZ,2021-12-18 00:18:56,-46.2817,169.8464,58.93,56,32,14.99
183,Nsanje,MW,2021-12-18 00:18:57,-16.92,35.262,73.24,96,100,5.75
184,Pantai Remis,MY,2021-12-18 00:18:57,4.4557,100.6288,77.02,96,100,5.61
185,Faanui,PF,2021-12-18 00:18:58,-16.4833,-151.75,81.64,68,33,13.0
186,Bukan,IR,2021-12-18 00:18:58,36.521,46.2089,36.77,99,100,2.3
187,Mayo,US,2021-12-18 00:18:58,38.8876,-76.5119,58.19,42,90,1.01
188,Sao Joao Da Barra,BR,2021-12-18 00:18:59,-21.6403,-41.0511,73.63,96,100,1.72
189,Kahului,US,2021-12-18 00:15:58,20.8947,-156.47,79.86,78,40,16.11
190,Bredasdorp,ZA,2021-12-18 00:18:59,-34.5322,20.0403,61.92,72,0,21.85
191,Geraldton,AU,2021-12-18 00:19:00,-28.7667,114.6,72.01,53,40,12.66
192,Fez,MA,2021-12-18 00:19:00,34.0372,-4.9998,42.91,75,0,4.61
193,La Ronge,CA,2021-12-18 00:19:00,55.1001,-105.2842,-10.95,77,1,2.3
194,Hastings,GB,2021-12-18 00:19:01,50.8552,0.5729,47.91,94,62,18.03
195,Kindu,CD,2021-12-18 00:19:01,-2.95,25.95,69.21,99,100,4.29
196,Alice Springs,AU,2021-12-18 00:19:02,-23.7,133.8833,98.15,14,43,0.0
197,Bam,IR,2021-12-18 00:19:02,29.106,58.357,50.05,24,46,2.3
198,Nouadhibou,MR,2021-12-18 00:19:03,20.931,-17.0347,62.58,88,25,12.66
199,Nelson Bay,AU,2021-12-18 00:19:03,-32.7167,152.15,88.29,64,53,9.19
200,Vila Franca Do Campo,PT,2021-12-18 00:19:04,37.7167,-25.4333,57.2,72,100,1.9
201,Gazli,UZ,2021-12-18 00:19:04,40.1333,63.45,41.18,29,90,14.38
202,Salina Cruz,MX,2021-12-18 00:19:05,16.1667,-95.2,82.17,65,0,0.94
203,Providencia,MX,2021-12-18 00:19:05,28.7167,-111.5833,75.25,38,3,10.0
204,Pangai,TO,2021-12-18 00:19:06,-19.8,-174.35,86.11,70,20,13.8
205,Touros,BR,2021-12-18 00:18:11,-5.1989,-35.4608,81.5,77,14,15.17
206,Port Hedland,AU,2021-12-18 00:19:06,-20.3167,118.5667,93.25,38,1,10.36
207,Korla,CN,2021-12-18 00:19:06,41.7597,86.1469,20.79,61,0,4.25
208,Saint George,US,2021-12-18 00:16:38,37.1041,-113.5841,45.95,50,1,4.0
209,Sayyan,YE,2021-12-18 00:19:07,15.1718,44.3244,47.66,32,0,1.07
210,Yar-Sale,RU,2021-12-18 00:19:07,66.8333,70.8333,-25.47,99,88,7.43
211,Tayshet,RU,2021-12-18 00:19:08,55.9342,98.0044,25.95,91,100,15.57
212,Ponta Do Sol,PT,2021-12-18 00:19:08,32.6667,-17.1,65.03,69,37,9.84
213,Samarai,PG,2021-12-18 00:19:09,-10.6167,150.6667,79.57,88,96,11.18
214,Humaita,BR,2021-12-18 00:19:09,-7.5061,-63.0208,74.21,98,100,1.95
215,Olafsvik,IS,2021-12-18 00:19:10,64.8945,-23.7142,40.73,80,100,3.91
216,Pavlohrad,UA,2021-12-18 00:19:10,48.5167,35.8667,34.75,82,100,13.87
217,Copala,MX,2021-12-18 00:19:10,16.65,-98.9833,78.98,73,15,5.12
218,Casper,US,2021-12-18 00:19:11,42.8666,-106.3131,12.72,81,90,3.0
219,Deputatskiy,RU,2021-12-18 00:19:11,69.3,139.9,-34.53,99,85,3.15
220,Dunedin,NZ,2021-12-18 00:19:11,-45.8742,170.5036,61.81,44,41,15.01
221,Karasjok,NO,2021-12-18 00:20:12,69.4719,25.5112,30.31,93,79,7.23
222,Ola,RU,2021-12-18 00:20:12,59.5833,151.2833,3.15,83,100,11.48
223,Bethel,US,2021-12-18 00:20:13,41.3712,-73.414,51.49,36,1,4.61
224,Dolores,AR,2021-12-18 00:20:13,-36.3132,-57.6792,62.58,82,95,6.15
225,Sabha,LY,2021-12-18 00:20:13,27.0377,14.4283,49.84,51,1,7.85
226,Dong Xoai,VN,2021-12-18 00:20:14,11.5333,106.9167,73.78,70,99,9.91
227,Muskego,US,2021-12-18 00:18:56,42.9058,-88.139,33.51,79,75,5.01
228,Qaqortoq,GL,2021-12-18 00:20:14,60.7167,-46.0333,12.7,65,1,7.63
229,Kloulklubed,PW,2021-12-18 00:20:15,7.0419,134.2556,84.7,76,76,12.71
230,Paamiut,GL,2021-12-18 00:20:15,61.994,-49.6678,10.69,68,0,10.87
231,Ribeira Brava,PT,2021-12-18 00:20:15,32.65,-17.0667,65.03,72,37,9.62
232,Axim,GH,2021-12-18 00:20:16,4.8699,-2.2405,79.66,84,39,8.16
233,Palmer,US,2021-12-18 00:20:16,42.1584,-72.3287,49.21,40,75,10.36
234,Kavieng,PG,2021-12-18 00:19:44,-2.5744,150.7967,82.98,76,100,4.63
235,Aykhal,RU,2021-12-18 00:20:17,66.0,111.5,-37.91,100,100,5.66
236,Nanortalik,GL,2021-12-18 00:20:17,60.1432,-45.2371,20.32,56,1,5.03
237,San Patricio,US,2021-12-18 00:20:17,28.017,-97.5169,76.05,82,100,15.43
238,Port Hardy,CA,2021-12-18 00:20:18,50.6996,-127.4199,39.76,93,90,28.77
239,Marechal Deodoro,BR,2021-12-18 00:20:18,-9.7103,-35.895,80.01,79,25,9.42
240,Fortuna,US,2021-12-18 00:20:19,40.5982,-124.1573,50.36,74,1,1.01
241,Beisfjord,NO,2021-12-18 00:20:19,68.3751,17.5988,43.05,98,100,11.5
242,Kishapu,TZ,2021-12-18 00:20:20,-3.6167,33.8667,69.76,75,99,3.58
243,Vanimo,PG,2021-12-18 00:20:20,-2.6741,141.3028,78.71,89,100,8.32
244,Te Anau,NZ,2021-12-18 00:20:21,-45.4167,167.7167,59.76,46,74,6.67
245,Kainantu,PG,2021-12-18 00:20:21,-6.2887,145.8655,67.21,87,100,2.26
246,Dwarka,IN,2021-12-18 00:20:21,22.2394,68.9678,67.71,41,0,17.83
247,Sorong,ID,2021-12-18 00:20:22,-0.8833,131.25,82.33,83,37,9.91
248,Lakes Entrance,AU,2021-12-18 00:20:22,-37.8811,147.981,79.16,37,99,6.04
249,Huarmey,PE,2021-12-18 00:20:22,-10.0681,-78.1522,69.31,82,6,11.05
250,Maniitsoq,GL,2021-12-18 00:20:23,65.4167,-52.9,19.18,63,88,10.0
251,Outram,MY,2021-12-18 00:20:23,1.2829,103.8379,82.33,85,75,0.0
252,Matara,LK,2021-12-18 00:20:24,5.9485,80.5353,76.44,88,100,1.45
253,Marawi,PH,2021-12-18 00:20:24,7.9986,124.2928,70.65,72,85,1.48
254,Isangel,VU,2021-12-18 00:18:31,-19.55,169.2667,82.51,78,90,6.91
255,Osoyoos,CA,2021-12-18 00:20:25,49.0331,-119.4524,24.39,63,100,2.3
256,Port Macquarie,AU,2021-12-18 00:20:25,-31.4333,152.9167,82.36,63,27,12.33
257,Aklavik,CA,2021-12-18 00:20:25,68.2191,-135.0107,-15.77,76,75,3.44
258,Rena,NO,2021-12-18 00:20:26,61.1348,11.3641,28.72,96,90,2.08
259,Hermanus,ZA,2021-12-18 00:20:26,-34.4187,19.2345,61.9,74,0,19.6
260,Beeville,US,2021-12-18 00:19:42,28.4008,-97.7483,75.34,83,1,9.22
261,Santana Do Livramento,BR,2021-12-18 00:20:27,-30.8908,-55.5328,68.58,73,20,13.69
262,Zhigansk,RU,2021-12-18 00:20:27,66.7697,123.3711,-36.26,100,99,2.82
263,Narsaq,GL,2021-12-18 00:20:28,60.9167,-46.05,12.42,61,0,8.28
264,Katsuura,JP,2021-12-18 00:20:28,35.1333,140.3,48.18,46,86,13.96
265,Padang,ID,2021-12-18 00:20:00,-0.9492,100.3543,73.45,96,100,6.46
266,San Francisco,US,2021-12-18 00:17:25,37.7749,-122.4194,56.08,71,20,1.01
267,Lastoursville,GA,2021-12-18 00:21:29,-0.8143,12.7287,71.78,97,89,2.1
268,Alofi,NU,2021-12-18 00:21:29,-19.0595,-169.9187,85.89,70,22,9.22
269,Saint-Pierre,RE,2021-12-18 00:21:30,-21.3393,55.4781,73.08,72,0,5.75
270,Araruama,BR,2021-12-18 00:21:30,-22.8728,-42.3431,74.95,94,68,5.35
271,Macas,EC,2021-12-18 00:20:08,-2.3167,-78.1167,68.49,98,91,2.39
272,Nago,JP,2021-12-18 00:21:31,26.5881,127.9761,61.65,62,87,15.12
273,Lakewood,US,2021-12-18 00:21:31,39.7047,-105.0814,37.8,30,7,1.01
274,Lompoc,US,2021-12-18 00:18:01,34.6391,-120.4579,63.57,70,1,5.75
275,Riesa,DE,2021-12-18 00:21:32,51.3,13.3,43.36,89,65,6.33
276,Ayan,RU,2021-12-18 00:21:32,56.45,138.1667,-7.01,70,100,9.91
277,Albanel,CA,2021-12-18 00:21:32,48.8832,-72.4487,24.94,63,88,18.41
278,Mogoytuy,RU,2021-12-18 00:21:33,51.2833,114.9167,-4.32,91,15,5.79
279,Santa Isabel Do Rio Negro,BR,2021-12-18 00:21:33,-0.4139,-65.0192,75.31,97,99,0.63
280,Visby,SE,2021-12-18 00:21:34,57.6409,18.296,41.22,81,90,9.22
281,Necochea,AR,2021-12-18 00:21:34,-38.5473,-58.7368,70.03,65,85,7.49
282,Muros,ES,2021-12-18 00:21:34,42.7762,-9.0603,50.23,73,0,5.17
283,Vokhtoga,RU,2021-12-18 00:19:13,58.8147,41.0461,13.48,98,95,4.61
284,Rio Grande,BR,2021-12-18 00:21:35,-32.035,-52.0986,69.94,77,54,15.48
285,Gavalou,GR,2021-12-18 00:21:35,38.5333,21.5333,46.54,78,32,4.63
286,Salalah,OM,2021-12-18 00:21:36,17.0151,54.0924,69.89,64,40,6.91
287,Cap Malheureux,MU,2021-12-18 00:21:36,-19.9842,57.6142,75.69,78,9,7.52
288,Kenai,US,2021-12-18 00:21:36,60.5544,-151.2583,19.49,93,90,5.75
289,Rehoboth,NA,2021-12-18 00:21:37,-23.3167,17.0833,66.0,35,50,6.04
290,Ancud,CL,2021-12-18 00:21:37,-41.8697,-73.8203,58.42,90,99,5.66
291,Mirabad,AF,2021-12-18 00:21:38,30.4362,61.8383,44.64,20,23,2.77
292,Carutapera,BR,2021-12-18 00:21:38,-1.195,-46.02,79.7,78,100,7.02
293,Iqaluit,CA,2021-12-18 00:20:31,63.7506,-68.5145,29.93,86,90,28.01
294,Saint-Georges,GD,2021-12-18 00:19:48,12.0564,-61.7485,80.28,74,20,27.63
295,Hambantota,LK,2021-12-18 00:21:28,6.1241,81.1185,75.7,86,97,6.26
296,Dingle,PH,2021-12-18 00:21:39,10.9995,122.6711,79.48,83,97,1.61
297,Talpa,MX,2021-12-18 00:21:39,28.8257,-111.6257,75.18,39,3,10.0
298,Komsomolskiy,UZ,2021-12-18 00:20:05,40.4272,71.7189,26.02,68,0,6.91
299,Cabatuan,PH,2021-12-18 00:21:40,10.8794,122.486,79.07,84,97,2.64
300,Beloha,MG,2021-12-18 00:21:40,-25.1667,45.05,71.73,96,83,4.99
301,Solnechnyy,RU,2021-12-18 00:21:41,50.7214,136.6319,-16.98,88,54,3.51
302,Thakurgaon,BD,2021-12-18 00:21:41,26.0333,88.4667,60.82,70,82,2.98
303,Yuci,CN,2021-12-18 00:21:42,37.6803,112.7319,15.55,57,0,6.71
304,Bereda,ES,2021-12-18 00:21:42,43.2686,-7.5406,40.41,90,0,1.66
305,East London,ZA,2021-12-18 00:21:42,-33.0153,27.9116,59.74,81,86,13.71
306,Nalut,LY,2021-12-18 00:21:43,30.3333,10.85,46.83,53,0,7.54
307,Maningrida,AU,2021-12-18 00:21:43,-12.0667,134.2667,88.86,58,100,5.37
308,Ligatne,LV,2021-12-18 00:21:44,57.2343,25.0406,34.25,97,67,1.01
309,Taketa,JP,2021-12-18 00:21:44,32.9652,131.3785,32.99,56,48,6.24
310,Shaowu,CN,2021-12-18 00:21:45,27.3409,117.4831,43.61,81,12,3.02
311,Yamada,JP,2021-12-18 00:21:45,39.4667,141.95,27.93,47,33,14.94
312,Maiduguri,NG,2021-12-18 00:21:45,11.8464,13.1603,64.42,49,1,8.55
313,Susangerd,IR,2021-12-18 00:21:46,31.5608,48.1831,60.82,71,100,18.03
314,Quatre Cocos,MU,2021-12-18 00:22:46,-20.2078,57.7625,75.31,76,13,5.39
315,Hamilton,US,2021-12-18 00:20:49,39.1834,-84.5333,41.07,92,90,3.0
316,Mandal,IN,2021-12-18 00:22:47,25.45,74.5667,46.62,34,0,5.32
317,Save,BJ,2021-12-18 00:22:47,8.0425,2.486,77.63,23,85,1.32
318,Tuatapere,NZ,2021-12-18 00:22:48,-46.1333,167.6833,58.82,54,84,13.24
319,Tura,IN,2021-12-18 00:22:48,25.5198,90.2201,55.69,78,89,3.47
320,Miquelon,PM,2021-12-18 00:22:48,47.0975,-56.3814,42.19,92,100,34.25
321,Wattegama,LK,2021-12-18 00:22:49,6.7989,81.4808,72.9,88,99,4.38
322,Terney,RU,2021-12-18 00:22:49,45.0503,136.6092,-0.27,66,8,12.48
323,Pangody,RU,2021-12-18 00:18:28,65.85,74.4859,-33.54,99,8,7.65
324,Manaure,CO,2021-12-18 00:22:50,11.7751,-72.4445,79.75,74,91,20.4
325,Plainview,US,2021-12-18 00:21:18,40.7765,-73.4673,53.67,30,1,1.01
326,Carroll,US,2021-12-18 00:22:51,39.5501,-77.0164,54.16,34,1,0.0
327,Menongue,AO,2021-12-18 00:22:51,-14.6585,17.691,62.47,94,100,4.63
328,Huilong,CN,2021-12-18 00:22:51,31.8111,121.655,38.03,60,18,14.05
329,Guerrero Negro,MX,2021-12-18 00:22:52,27.9769,-114.0611,64.17,51,1,14.56
330,Praia Da Vitoria,PT,2021-12-18 00:22:52,38.7333,-27.0667,55.76,93,20,6.82
331,Kirakira,SB,2021-12-18 00:22:52,-10.4544,161.9205,82.96,79,98,7.34
332,Daru,PG,2021-12-18 00:22:53,-9.0763,143.2092,77.5,93,100,5.95
333,Hereford,GB,2021-12-18 00:22:53,52.0568,-2.7148,46.06,95,83,1.01
334,Sinnamary,GF,2021-12-18 00:22:53,5.3833,-52.95,78.3,87,46,7.25
335,Vardo,NO,2021-12-18 00:22:54,70.3705,31.1107,31.77,92,100,22.55
336,Dingolfing,DE,2021-12-18 00:22:54,48.6333,12.5,36.54,93,17,3.71
337,Vidim,RU,2021-12-18 00:22:55,56.4088,103.1106,15.96,95,100,8.63
338,Lagoa,PT,2021-12-18 00:22:55,39.05,-27.9833,59.23,53,100,6.69
339,Petrovac,RS,2021-12-18 00:22:56,44.3769,21.4192,35.58,95,97,10.65
340,Hobyo,SO,2021-12-18 00:22:56,5.3505,48.5268,78.06,80,96,19.3
341,Lewiston,US,2021-12-18 00:18:45,44.1003,-70.2148,43.43,55,1,14.97
342,Grimstad,NO,2021-12-18 00:22:57,58.3405,8.5934,28.31,87,7,5.39
343,Nara,JP,2021-12-18 00:21:20,34.6851,135.8049,40.37,74,61,11.86
344,Belaya Gora,RU,2021-12-18 00:22:57,68.5333,146.4167,-24.23,98,100,3.78
345,Saint Marys,US,2021-12-18 00:20:48,30.7305,-81.5465,71.06,91,1,4.61
346,Bacolod,PH,2021-12-18 00:22:58,10.6667,122.95,80.76,81,96,4.81
347,Tiarei,PF,2021-12-18 00:22:58,-17.5333,-149.3333,87.82,67,35,15.7
348,North Battleford,CA,2021-12-18 00:20:12,52.7834,-108.2847,-15.59,76,1,6.91
349,Pochutla,MX,2021-12-18 00:22:58,15.7432,-96.4661,83.25,70,0,3.51
350,Abdanan,IR,2021-12-18 00:22:59,32.9926,47.4198,51.58,96,100,8.01
351,Grindavik,IS,2021-12-18 00:22:59,63.8424,-22.4338,39.67,100,90,8.05
352,Lavrentiya,RU,2021-12-18 00:23:00,65.5833,-171.0,5.2,88,100,11.01
353,Tres Arroyos,AR,2021-12-18 00:23:00,-38.3739,-60.2798,73.62,39,70,8.37
354,Khandyga,RU,2021-12-18 00:23:00,62.6667,135.6,-51.29,100,60,2.08
355,Cayenne,GF,2021-12-18 00:23:01,4.9333,-52.3333,81.09,84,75,5.01
356,Aldan,RU,2021-12-18 00:23:01,58.6031,125.3894,-8.46,98,100,5.28
357,Tautira,PF,2021-12-18 00:23:02,-17.7333,-149.15,87.82,67,67,13.69
358,Sakaiminato,JP,2021-12-18 00:23:02,35.55,133.2333,40.98,60,75,20.71
359,Palauig,PH,2021-12-18 00:24:02,15.435,119.9045,81.84,74,100,6.33
360,Saint-Augustin,CA,2021-12-18 00:24:03,51.226,-58.6502,32.92,99,100,10.67
361,Manati,PR,2021-12-18 00:24:03,18.4275,-66.4921,78.71,94,23,14.41
362,Talwara,IN,2021-12-18 00:24:04,31.9486,75.8667,47.35,50,70,1.88
363,Husavik,IS,2021-12-18 00:24:04,66.0449,-17.3389,37.31,94,100,6.96
364,Villa Carlos Paz,AR,2021-12-18 00:24:05,-31.4241,-64.4978,76.06,42,9,4.0
365,Waipawa,NZ,2021-12-18 00:24:05,-41.4122,175.5153,65.03,55,44,5.93
366,Gravdal,NO,2021-12-18 00:24:05,68.1214,13.5031,42.51,81,100,30.91
367,Coahuayana,MX,2021-12-18 00:24:06,18.7333,-103.6833,83.68,74,99,3.36
368,Svetlogorsk,BY,2021-12-18 00:24:06,52.6333,29.7333,32.09,87,91,9.95
369,Sungaipenuh,ID,2021-12-18 00:24:07,-2.0833,101.3833,64.96,97,100,1.39
370,Sao Jose Do Belmonte,BR,2021-12-18 00:24:07,-7.8614,-38.7597,83.16,46,100,10.16
371,Pangnirtung,CA,2021-12-18 00:24:08,66.1451,-65.7125,22.95,79,100,22.03
372,Poum,NC,2021-12-18 00:24:08,-20.2333,164.0167,78.58,67,19,9.48
373,Esmeralda,CU,2021-12-18 00:24:08,21.8525,-78.1169,76.24,83,25,9.62
374,Arkhangelsk,RU,2021-12-18 00:24:09,64.5401,40.5433,19.51,93,75,2.24
375,Lyman,UA,2021-12-18 00:24:09,48.9884,37.8023,32.9,98,100,10.96
376,Warrington,GB,2021-12-18 00:24:10,53.3925,-2.5802,44.02,95,90,1.01
377,Nagato,JP,2021-12-18 00:24:10,34.3833,131.2,39.11,59,86,13.44
378,Makakilo City,US,2021-12-18 00:24:11,21.3469,-158.0858,80.92,68,1,13.8
379,Stykkisholmur,IS,2021-12-18 00:24:11,65.0757,-22.7297,37.67,92,100,6.87
380,Atar,MR,2021-12-18 00:24:11,20.5169,-13.0499,73.42,28,39,3.56
381,Alyangula,AU,2021-12-18 00:24:12,-13.8483,136.4192,89.47,70,40,6.91
382,Brus Laguna,HN,2021-12-18 00:24:12,15.75,-84.4833,73.09,97,100,2.82
383,Stokmarknes,NO,2021-12-18 00:24:13,68.5646,14.9108,45.5,83,100,25.48
384,Cap-Aux-Meules,CA,2021-12-18 00:24:13,47.3821,-61.8597,39.25,70,90,29.93
385,Elk Plain,US,2021-12-18 00:24:13,47.0532,-122.3976,43.95,77,90,0.0
386,Prokhorovka,RU,2021-12-18 00:24:14,51.0374,36.7325,31.57,96,100,10.07
387,Amahai,ID,2021-12-18 00:24:14,-3.3333,128.9167,77.86,90,100,3.27
388,Mormugao,IN,2021-12-18 00:24:15,15.4,73.8,72.99,55,12,8.61
389,Nynashamn,SE,2021-12-18 00:24:15,58.9034,17.9479,41.22,78,99,14.23
390,Tepusteca,HN,2021-12-18 00:24:15,15.4167,-86.3167,70.88,98,83,1.03
391,Labuhan,ID,2021-12-18 00:24:16,-6.8844,112.2051,81.28,82,100,3.91
392,Henties Bay,NA,2021-12-18 00:24:16,-22.116,14.2845,63.86,90,0,3.62
393,Le Moule,GP,2021-12-18 00:24:17,16.3332,-61.3473,78.84,100,61,5.99
394,Wakkanai,JP,2021-12-18 00:24:17,45.4094,141.6739,17.58,79,75,24.16
395,Khelyulya,RU,2021-12-18 00:24:17,61.7333,30.6833,19.92,96,77,2.28
396,Naze,JP,2021-12-18 00:24:18,28.3667,129.4833,52.72,63,97,15.75
397,Wuan,CN,2021-12-18 00:24:18,31.6836,112.0044,34.68,35,16,1.39
398,Mount Isa,AU,2021-12-18 00:24:19,-20.7333,139.5,94.77,38,4,6.91
399,Mattoon,US,2021-12-18 00:24:19,39.4831,-88.3728,35.67,87,90,11.5
400,Nioro,GM,2021-12-18 00:24:19,13.35,-15.75,80.67,27,100,6.53
401,Rangoon,MM,2021-12-18 00:24:20,16.8053,96.1561,67.96,88,6,4.61
402,Cherskiy,RU,2021-12-18 00:24:20,68.75,161.3,-21.6,98,100,5.99
403,Lata,PT,2021-12-18 00:24:20,40.1629,-8.3327,52.81,73,0,5.12
404,Sorland,NO,2021-12-18 00:25:21,67.667,12.6934,43.74,79,100,30.42
405,Satipo,PE,2021-12-18 00:25:21,-11.2522,-74.6386,72.59,95,73,2.06
406,Ammon,US,2021-12-18 00:25:22,43.4696,-111.9666,24.85,62,1,1.01
407,Synya,RU,2021-12-18 00:25:22,65.3718,58.0387,6.87,98,100,1.68
408,Maxixe,MZ,2021-12-18 00:25:22,-23.8597,35.3472,71.37,65,100,19.17
409,Karatau,KZ,2021-12-18 00:23:34,43.1667,70.4667,35.62,27,51,3.44
410,Yerbogachen,RU,2021-12-18 00:25:23,61.2767,108.0108,-31.14,100,96,1.48
411,Lemoore,US,2021-12-18 00:25:23,36.3008,-119.7829,50.52,76,75,3.44
412,Groningen,NL,2021-12-18 00:25:24,53.25,6.75,45.09,99,90,6.91
413,Lulea,SE,2021-12-18 00:25:24,65.5842,22.1547,23.07,93,20,2.3
414,Serenje,ZM,2021-12-18 00:25:25,-13.2325,30.2352,62.17,97,100,2.04
415,Noumea,NC,2021-12-18 00:25:25,-22.2763,166.4572,82.38,99,58,17.78
416,Shache,CN,2021-12-18 00:25:26,38.4167,77.2406,21.22,61,0,1.97
417,Purificacion,CO,2021-12-18 00:25:26,3.8587,-74.9313,78.69,80,95,3.02
418,Honiara,SB,2021-12-18 00:25:27,-9.4333,159.95,83.82,78,99,4.83
419,Karratha,AU,2021-12-18 00:25:27,-20.7377,116.8463,89.42,28,2,10.98
420,Pekan,MY,2021-12-18 00:24:41,3.4836,103.3996,78.91,91,100,7.11
421,Jidong,CN,2021-12-18 00:25:28,45.2167,131.0833,-2.79,83,1,5.7
422,Balabac,PH,2021-12-18 00:25:28,7.9868,117.0645,81.18,78,100,16.87
423,Onega,RU,2021-12-18 00:25:29,63.9061,38.1404,11.14,100,91,1.41
424,Konza,KE,2021-12-18 00:25:29,-1.7426,37.1294,60.44,95,100,3.69
425,Milkovo,RU,2021-12-18 00:25:30,54.7167,158.6167,-4.61,95,86,0.51
426,Olinda,BR,2021-12-18 00:25:30,-8.0089,-34.8553,82.13,74,75,5.75
427,Porosozero,RU,2021-12-18 00:25:30,62.7191,32.727,9.75,100,98,1.5
428,Petit Goave,HT,2021-12-18 00:25:31,18.4314,-72.8669,80.78,72,15,3.42
429,Asau,RO,2021-12-18 00:25:31,46.4333,26.4,34.75,96,98,3.53
430,Lufilufi,WS,2021-12-18 00:25:32,-13.8745,-171.5986,83.98,75,100,13.4
431,Ichnya,UA,2021-12-18 00:25:32,50.8626,32.3942,32.18,89,100,13.56
432,Paveh,IR,2021-12-18 00:25:32,35.0434,46.3565,45.86,82,91,9.84
433,Chapais,CA,2021-12-18 00:25:33,49.7834,-74.8492,13.78,86,100,14.09
434,Dakar,SN,2021-12-18 00:25:33,14.6937,-17.4441,74.28,78,76,17.49
435,Brighton,GB,2021-12-18 00:25:33,50.8284,-0.1395,48.74,92,91,8.01
436,Mount Gambier,AU,2021-12-18 00:25:34,-37.8333,140.7667,67.91,56,75,13.8
437,Saint Thomas Mount,IN,2021-12-18 00:25:34,12.9964,80.2031,74.97,94,20,2.3
438,Makinsk,KZ,2021-12-18 00:25:35,52.6292,70.4169,26.65,95,100,11.99
439,Manta,EC,2021-12-18 00:25:35,-0.95,-80.7333,76.78,78,90,6.91
440,Morant Bay,JM,2021-12-18 00:25:35,17.8815,-76.4093,82.02,81,23,11.43
441,Xining,CN,2021-12-18 00:25:36,36.6167,101.7667,15.21,64,87,2.21
442,Merrill,US,2021-12-18 00:21:42,45.1805,-89.6835,19.17,76,90,0.0
443,Fillan,NO,2021-12-18 00:25:36,63.6064,8.9696,48.02,94,100,34.83
444,Mapimi,MX,2021-12-18 00:25:36,25.8167,-103.85,70.57,23,100,2.95
445,Avera,US,2021-12-18 00:25:37,33.194,-82.5271,66.07,85,100,2.48
446,Waitati,NZ,2021-12-18 00:25:37,-45.75,170.5667,62.8,43,53,11.25
447,Barcelos,PT,2021-12-18 00:25:38,41.5388,-8.6151,50.14,64,44,5.12
448,Tucurui,BR,2021-12-18 00:21:51,-3.7661,-49.6725,76.42,94,100,3.15
449,Kamaishi,JP,2021-12-18 00:26:38,39.2667,141.8833,27.55,52,29,13.73
450,Longyearbyen,SJ,2021-12-18 00:21:47,78.2186,15.6401,31.84,69,40,19.57
451,Nome,US,2021-12-18 00:26:39,64.5011,-165.4064,28.47,93,90,16.11
452,Phek,IN,2021-12-18 00:26:39,25.6667,94.5,34.92,95,22,2.01
453,Otawara,JP,2021-12-18 00:26:40,36.8667,140.0333,37.06,59,68,8.41
454,Ostrovnoy,RU,2021-12-18 00:26:40,68.0531,39.5131,13.51,97,97,8.08
455,Motygino,RU,2021-12-18 00:26:40,58.1831,94.7592,13.55,97,100,2.51
456,Egvekinot,RU,2021-12-18 00:26:41,66.3167,-179.1667,-18.83,89,40,14.16
457,Bhag,PK,2021-12-18 00:26:41,29.0415,67.8239,52.61,10,0,4.94
458,Uklana Mandi,IN,2021-12-18 00:26:41,29.5023,75.8849,46.09,42,0,6.67
459,Piacabucu,BR,2021-12-18 00:26:42,-10.4056,-36.4344,79.5,79,25,11.79
460,Cedar City,US,2021-12-18 00:26:42,37.6775,-113.0619,31.17,64,1,9.22
461,Yeniseysk,RU,2021-12-18 00:26:42,58.4497,92.1703,17.24,97,100,1.88
462,Lagos,NG,2021-12-18 00:26:43,6.5833,3.75,75.36,83,68,3.11
463,Fenyi,CN,2021-12-18 00:26:43,27.8112,114.6681,41.72,52,8,1.68
464,Aasiaat,GL,2021-12-18 00:26:44,68.7098,-52.8699,5.22,79,100,10.09
465,Constitucion,CL,2021-12-18 00:26:44,-35.3333,-72.4167,56.79,79,0,12.12
466,Aranos,NA,2021-12-18 00:26:45,-24.1333,19.1167,72.3,53,77,12.55
467,Petropavlovsk-Kamchatskiy,RU,2021-12-18 00:26:45,53.0452,158.6483,10.99,67,75,8.95
468,Urumqi,CN,2021-12-18 00:26:45,43.801,87.6005,9.55,85,90,4.47
469,Mareeba,AU,2021-12-18 00:26:46,-17.0,145.4333,84.92,61,88,5.12
470,Baiyin,CN,2021-12-18 00:26:46,36.5583,104.2081,11.28,45,91,3.94
471,Anadyr,RU,2021-12-18 00:26:46,64.75,177.4833,-17.9,82,0,11.18
472,Colombia,CU,2021-12-18 00:26:47,20.9881,-77.4297,75.92,82,40,12.26
473,Malanje,AO,2021-12-18 00:26:47,-9.5402,16.341,61.45,99,98,3.31
474,Inuvik,CA,2021-12-18 00:26:47,68.3499,-133.7218,-15.74,76,75,2.3
475,Nicoya,CR,2021-12-18 00:26:48,10.1483,-85.452,80.15,80,58,7.56
476,Dickinson,US,2021-12-18 00:26:48,29.4608,-95.0513,75.42,90,40,3.0
477,Nakama,JP,2021-12-18 00:26:49,33.8167,130.7,40.14,75,70,1.99
478,Fougamou,GA,2021-12-18 00:26:49,-1.2154,10.5838,74.14,98,99,2.04
479,Chikodi,IN,2021-12-18 00:26:49,16.4333,74.6,60.17,59,20,5.39
480,Svetlaya,RU,2021-12-18 00:26:50,46.5389,138.3297,-3.46,72,7,10.63
481,Riyadh,SA,2021-12-18 00:26:27,24.6877,46.7219,64.54,39,100,15.75
482,Vernon,CA,2021-12-18 00:24:12,50.2581,-119.2691,21.61,65,100,0.72
483,Santa Maria,BR,2021-12-18 00:26:50,-29.6842,-53.8069,70.9,83,20,14.97
484,Hwange,ZW,2021-12-18 00:26:51,-18.3693,26.5019,67.87,86,100,6.44
485,Ust-Ishim,RU,2021-12-18 00:26:51,57.6935,71.1665,7.99,99,100,3.0
486,Maltahohe,NA,2021-12-18 00:26:51,-24.8333,16.9833,66.69,37,70,4.03
487,Spantov,RO,2021-12-18 00:26:52,44.1167,26.7833,38.08,97,100,4.38
488,The Valley,AI,2021-12-18 00:26:52,18.217,-63.0578,79.11,71,2,24.58
489,Duldurga,RU,2021-12-18 00:26:53,50.6761,113.5931,-2.65,91,13,4.36
490,Saint-Joseph,RE,2021-12-18 00:26:53,-21.3667,55.6167,71.98,76,8,3.98
491,Cranbrook,CA,2021-12-18 00:26:54,49.4999,-115.7688,15.64,79,90,3.44
492,Ganzhou,CN,2021-12-18 00:26:54,28.8184,115.4327,39.58,52,14,4.03
493,Totskoye,RU,2021-12-18 00:26:54,52.5248,52.7623,29.57,99,100,3.09
494,Timra,SE,2021-12-18 00:26:55,62.487,17.3257,46.67,86,90,5.75
495,Havoysund,NO,2021-12-18 00:26:55,70.9963,24.6622,36.48,92,99,23.78
496,Moose Factory,CA,2021-12-18 00:26:55,51.2585,-80.6094,10.4,79,90,14.97
497,Buala,SB,2021-12-18 00:27:56,-8.145,159.5921,79.47,89,100,3.76
498,Tigil,RU,2021-12-18 00:27:56,57.8,158.6667,-3.5,100,86,2.77
499,Tallahassee,US,2021-12-18 00:27:38,30.4383,-84.2807,69.89,91,100,3.62
500,Ambilobe,MG,2021-12-18 00:27:57,-13.2,49.05,73.98,90,19,2.24
501,Skelleftea,SE,2021-12-18 00:27:57,64.7507,20.9528,42.01,63,90,4.0
502,Kizhinga,RU,2021-12-18 00:27:58,51.8462,109.9097,-2.78,88,86,3.62
503,Haapiti,PF,2021-12-18 00:27:58,-17.5667,-149.8667,87.53,67,33,16.89
504,Celestun,MX,2021-12-18 00:27:59,20.8667,-90.4,77.65,81,24,13.29
505,Puerto Princesa,PH,2021-12-18 00:27:59,9.7392,118.7353,79.88,84,100,18.19
506,Pampa,US,2021-12-18 00:24:07,35.5362,-100.9599,49.15,34,1,8.05
507,Hamamatsu,JP,2021-12-18 00:23:46,34.7,137.7333,38.82,50,5,17.36
508,Zyryanka,RU,2021-12-18 00:28:00,65.75,150.85,-40.09,99,97,6.71
509,Luganville,VU,2021-12-18 00:28:00,-15.5333,167.1667,83.21,63,51,10.25
510,Verkh-Usugli,RU,2021-12-18 00:28:00,52.7,115.1667,-13.5,98,82,2.93
511,Olonets,RU,2021-12-18 00:28:01,60.9847,32.9698,6.21,99,75,2.08
512,Damietta,EG,2021-12-18 00:28:01,31.4165,31.8133,55.27,76,35,13.09
513,Saint Anthony,US,2021-12-18 00:28:01,45.0205,-93.218,21.13,71,90,1.01
514,Hohhot,CN,2021-12-18 00:28:02,40.8106,111.6522,-0.11,71,0,2.24
515,Kalabo,ZM,2021-12-18 00:28:02,-14.97,22.6814,67.41,87,100,3.47
516,Hengyang,CN,2021-12-18 00:28:03,26.8881,112.615,41.56,41,12,5.17
517,Logan,US,2021-12-18 00:25:03,41.7355,-111.8344,31.12,69,90,4.61
518,Shieli,KZ,2021-12-18 00:28:03,44.1667,66.75,33.91,56,94,9.17
519,Concepcion,CL,2021-12-18 00:28:04,-36.827,-73.0498,56.19,84,0,5.99
520,Peleduy,RU,2021-12-18 00:28:04,59.6289,112.7406,-9.44,100,100,1.39
521,Mamallapuram,IN,2021-12-18 00:28:04,12.6264,80.1722,75.06,77,51,10.58
522,Isetskoye,RU,2021-12-18 00:28:05,56.4858,65.3226,20.98,96,100,3.36
523,Kamyshla,RU,2021-12-18 00:28:05,54.1169,52.1426,28.04,98,100,3.87
524,Murighiol,RO,2021-12-18 00:28:05,45.0333,29.1667,37.89,74,99,12.28
525,Portel,BR,2021-12-18 00:28:06,-1.9356,-50.8211,76.01,94,100,3.65
526,Muyezerskiy,RU,2021-12-18 00:28:06,63.9333,31.65,19.42,97,99,5.55
527,Cairns,AU,2021-12-18 00:28:06,-16.9167,145.7667,89.55,51,40,16.11
528,Lamu,KE,2021-12-18 00:28:07,-2.2717,40.902,79.02,83,96,5.32
529,Myitkyina,MM,2021-12-18 00:28:07,25.3833,97.4,50.23,73,10,2.37
530,High Level,CA,2021-12-18 00:28:08,58.5169,-117.136,-16.49,76,75,5.75
531,Juegang,CN,2021-12-18 00:28:08,32.3174,121.1855,32.13,57,19,11.18
532,Yatou,CN,2021-12-18 00:28:08,37.15,122.3833,23.56,70,11,10.02
533,Leshukonskoye,RU,2021-12-18 00:28:09,64.8989,45.7622,-3.05,100,77,3.0
534,Sedam,IN,2021-12-18 00:28:09,17.1773,77.2824,60.3,56,6,5.82
535,Moree,AU,2021-12-18 00:25:07,-29.4667,149.85,87.82,45,44,13.8
536,Vadso,NO,2021-12-18 00:28:10,70.0744,29.7487,27.48,89,100,16.55
537,Miri,MY,2021-12-18 00:28:10,4.4148,114.0089,78.94,94,40,3.44
538,Mujiayingzi,CN,2021-12-18 00:28:10,42.1167,118.7833,15.76,49,83,16.62
539,Ulladulla,AU,2021-12-18 00:28:11,-35.35,150.4667,90.77,48,75,7.81
540,Mildura,AU,2021-12-18 00:28:11,-34.2,142.15,95.07,20,56,12.66
541,Helong,CN,2021-12-18 00:28:11,42.5397,128.9972,8.35,49,0,6.51
542,Nushki,PK,2021-12-18 00:28:12,29.5542,66.0215,40.78,11,1,2.51
543,Atambua,ID,2021-12-18 00:29:12,-9.1061,124.8925,82.06,66,96,1.81
544,Kysyl-Syr,RU,2021-12-18 00:29:13,63.8986,122.7617,-23.37,98,100,1.59
545,Yumen,CN,2021-12-18 00:29:13,40.2833,97.2,20.64,44,0,19.73
546,Miles City,US,2021-12-18 00:29:13,46.4083,-105.8406,0.57,71,20,9.22
547,Stornoway,GB,2021-12-18 00:29:14,58.2093,-6.3865,44.92,93,44,0.0
548,Aitape,PG,2021-12-18 00:29:14,-3.1374,142.3475,81.84,77,100,12.64
549,Soloneshnoye,RU,2021-12-18 00:29:14,51.6544,84.3197,28.83,65,100,8.75
550,Houma,US,2021-12-18 00:29:15,29.5958,-90.7195,73.99,96,1,6.91
551,Bilma,NE,2021-12-18 00:29:15,18.6853,12.9164,59.47,29,20,13.11
552,Kingaroy,AU,2021-12-18 00:29:16,-26.5333,151.8333,80.06,64,75,4.61
553,Koulikoro,ML,2021-12-18 00:29:16,14.0,-7.75,74.16,20,89,8.16
554,Tripoli,LY,2021-12-18 00:25:16,32.8752,13.1875,58.28,65,12,10.13
555,Pandan,PH,2021-12-18 00:29:16,14.0453,124.1694,81.3,83,96,8.88
556,Katherine,AU,2021-12-18 00:29:17,-14.4667,132.2667,89.92,55,89,8.05
557,Xai-Xai,MZ,2021-12-18 00:29:17,-25.0519,33.6442,70.2,57,99,18.72
558,Nesbyen,NO,2021-12-18 00:29:18,60.5681,9.1027,50.58,96,43,4.34
559,Kashi,CN,2021-12-18 00:29:18,39.4547,75.9797,20.41,68,0,8.95
560,Sisimiut,GL,2021-12-18 00:29:19,66.9395,-53.6735,16.39,65,100,13.09
561,Nemuro,JP,2021-12-18 00:29:19,43.3236,145.575,23.43,88,100,31.45
562,Lahij,YE,2021-12-18 00:29:19,13.1667,44.5833,68.38,87,24,5.93
563,Perth,AU,2021-12-18 00:29:20,-31.9333,115.8333,70.09,65,75,14.97
564,Alihe,CN,2021-12-18 00:29:20,50.5667,123.7167,-11.13,93,46,2.84
565,Sabang,ID,2021-12-18 00:29:21,5.8933,95.3214,80.76,77,100,9.28
